Year,EUR,CNY,TRY,USD,AUD,INR,GBP,PLN,RON,CHF,RSD,THB
2019,1.0,0.12683112435791744,0.16491853024605843,0.8724480893386842,0.6148170919151552,0.012509507225491373,1.1124707976415618,0.2331980784478336,0.21496130696474633,0.8882572392965004,0.008434761338427929,0.02698043109332801
2020,1.0,0.12801474729888881,0.14988683543924336,0.8914244963451596,0.6255473539346929,0.012498484558747252,1.1811953697141506,0.23499001292445074,0.2090082558261051,0.9211495946941785,0.008499787505312367,0.02962998079977244
2021,1.0,0.1261415813108633,0.11077632045373981,0.8241305422778968,0.6339948012426299,0.01127459270533852,1.1267605633802817,0.2195341485368049,0.206897978606749,0.9259259259259258,0.008555710508979218,0.027291831554815644
2022,1.0,0.13832980592328228,0.06600093721330842,0.8791981712678038,0.6386919588682378,0.011798908836910761,1.189767995240928,0.21787916421552608,0.20206510537695246,0.9259259259259258,0.008504775431404734,0.02649308398042691
